flesch_reading_ease,flesch_kincaid_grade,smog,gunning_fog,automated_readability_index,coleman_liau_index,lix,rix,category,name,text
27.443066694660246,12.691245013646864,13.88584557914918,16.056798936244665,6.940190356218068,9.171362586605078,38.98726292952621,3.393939393939394,0b0,53_2746.txt,"Como funciona, Origem das coisas. “É tarde! É tarde! É tarde, é tarde, é tarde!” O Coelho Branco, personagem do livro Alice no País das Maravilhas, do inglês Lewis Carroll (1832-1898), entrava em pânico toda vez que olhava o relógio. Seu desespero era um símbolo do que esses objetos, recém-incorporados ao cotidiano, estavam fazendo com a cabeça dos nossos bisavós, no século 19. Mais de 100 anos depois, é impossível pensar a existência sem o tique-taque. Ele assinala a hora de acordar, de dormir, de comer – e todas as demais atividades humanas. A necessidade de uma maneira única de medir o tempo deu origem aos primeiros relógios de sol, no Egito, há cerca de 5000 anos. Os aparelhos mecânicos, com ponteiros, surgiram na China, no século 8. Na Europa, começaram a ser usados por volta do ano 1000, quando os monges católicos decidiram que as atividades sérias, como a oração, deveriam ter hora para começar e para acabar. Três séculos mais tarde, apareceram os relógios das igrejas, que anunciavam a hora da missa. No século 19, a Revolução Industrial adotou como lema a expressão “tempo é dinheiro”. O relógio se tornou peça essencial nas linhas de produção das indústrias. Para dividir e regular a produção em série, era preciso contar até os segundos. O tique-taque tomou de assalto o mundo, definitivamente. Na meia-noite de 31 de dezembro de 1999, um grupo de milionários estourou champanhe duas vezes. Uma vez em Paris e outra em Nova York, depois de 3 horas de viagem em um avião supersônico. Isso é possível pela diferença de fuso horário – a metrópole americana está 5 horas mais cedo que a capital francesa. Os fusos horários são linhas imaginárias instituídas em 1884, para que o mundo inteiro acertasse os seus relógios. Eles dividem a Terra em 24 faixas, como os gomos de uma laranja. Por convenção, a hora zero é definida pelo meridiano que passa pelo Observatório Astronômico de Greenwich, na Inglaterra. Todo relógio tem o mesmo princípio: um dispositivo que vai e vem num certo ritmo, chamado oscilador, e um contador. O oscilador é a alma do relógio; é ele que dá cadência ao tique-taque. No caso dos relógios d’água e das ampulhetas, o furo faz as vezes de oscilador. O contador marca as oscilações e move os ponteiros. Nos relógios mecânicos, o oscilador vai e volta dez vezes a cada minuto. As engrenagens do relógio contam até dez e o ponteiro dos minutos anda uma casa. Quem aciona o oscilador é uma mola interna, que é enrolada quando você dá corda e vai se desenrolando aos poucos. 
"
30.522047146402002,12.335856079404468,13.987681621865246,16.13697270471464,6.950206265508687,9.04788461538461,37.45781637717122,3.225806451612903,0b0,65_2775.txt,"A última rodada do primeiro turno do Campeonato Brasileiro serviu para ressuscitar o Palmeiras e confirmar a má fase e a sorte do Corinthians. Com a derrota de virada no clássico, a segunda seguida no torneio, o time treinado por Tite manteve os 37 pontos e a liderança do Nacional. Seus principais adversários pelo título também vacilaram. O Flamengo chegou a 36 pontos ao empatar com o Vasco, que tem 35. O São Paulo ficou no 1 a 1 com o Santos e também está com 35. Depois estão Botafogo com 34 e Palmeiras, agora com 32. A seu favor, o Corinthians tem a história do campeonato. Em seis das oito edições o campeão simbólico do primeiro turno ganhou o título nacional no final do ano. Ontem, o alvinegro sucumbiu ante um Palmeiras mais organizado e mais solidário, como pediu o técnico Luiz Felipe Scolari, que, suspenso, viu a partida das tribunas. O Palmeiras também provou ontem estar protegido das turbulências no ambiente político do clube. Foi a primeira vitória após cinco tropeços no Brasileiro. Sob um calor asfixiante em Presidente Prudente (35 graus), o Palmeiras, mandante, jogou de branco, para obrigar o rival a vestir preto. E sofrer. O Palmeiras começou melhor. Tinha mais posse de bola, criou boas chances com Kleber e Luan. Mas sofreu o gol quando jogava melhor. Emerson tentou cruzar da direita e, após a indecisão de Henrique e Marcos, a bola entrou: 1 a 0. O Palmeiras não demorou a reagir, e chegou ao empate com sua principal arma: a bola parada. Luan recolheu um rebote após cobrança de escanteio e bateu forte. O início do segundo tempo foi um vendaval palmeirense. Aos 8min, Marcos Assunção deu um lindo passe por elevação para Fernandão, que matou no peito e fuzilou Júlio César: golaço. A virada do Palmeiras desencadeou outro jogo no Prudentão. Tite trocou Danilo, de fraca atuação ontem, e pôs Willian. O Corinthians passou a dominar, mesmo sem nenhum armador em campo. Mas era uma pressão desorganizada, sem força. A entrada de Morais no lugar de Jorge Henrique também não ajudou. Uma jogada simples mostra a bagunça que estava o time no segundo tempo. Ramon cobrou lateral na esquerda, nas costas de Morais, que corria para receber na frente. O desentendimento gerou um contra-ataque. O Palmeiras se propôs a esperar o rival, e tentar controlar o jogo a partir de seu campo de defesa. Esteve sempre mais perto de fazer o terceiro do que de sofrer o empate. 
"
7.5064003920608116,20.59112962509189,20.353678105401915,24.27258024993874,17.71409458466062,11.137466307277627,59.0641999509924,8.545454545454545,0b0,204_5035.txt,"Em relação ao adolescente (maior de doze anos), a adoção depende de seu consentimento expresso; antes da sentença de adoção, a lei exige que se cumpra um estágio de convivência entre a criança ou adolescente e os adotantes, por um prazo fixado pelo juiz, o qual pode ser dispensado se a criança tiver menos de um ano de idade ou já estiver na companhia dos adotantes por tempo suficiente. a idade mínima para adotar é de 18 anos, sendo irrelevante o estado civil; o menor a ser adotado deve ter, no máximo, 18 anos de idade, salvo quando já convivia com aqueles que o adotarão, caso em que a idade limite é de 21 anos; o adotante (aquele que vai adotar) deve ser pelo menos 16 anos mais velho que a criança ou adolescente a ser adotado; os ascendentes (avós, bisavós) não podem adotar seus descendentes; irmãos também não podem; a adoção depende da concordância, perante o juiz e o promotor de justiça, dos pais biológicos, salvo quando forem desconhecidos ou destituídos do pátrio poder (muitas vezes acontecem, no mesmo processo, o pedido de adoção e o de destituição do pátrio poder dos pais biológicos. Nesse caso, deve-se comprovar que eles não zelaram pelos direitos da criança ou adolescente envolvido, de acordo com a lei.); em relação ao adolescente (maior de doze anos), a adoção depende de seu consentimento expresso; antes da sentença de adoção, a lei exige que se cumpra um estágio de convivência entre a criança ou adolescente e os adotantes, por um prazo fixado pelo juiz, o qual pode ser dispensado se a criança tiver menos de um ano de idade ou já estiver na companhia dos adotantes por tempo suficiente. Aqueles que decidem entrar com o pedido de adoção devem iniciar um longo processo. Entre reunir documentos, comprovar aptidão, estabilidade psicológica e financeira e entrar na longa lista de espera, podem passar anos. Entretanto, a felicidade da paternidade e a possibilidade de proporcionar um lar afetivo e seguro para que uma criança possa crescer e se desenvolver plenamente é razão suficiente para todos aqueles que decidem abrir suas vidas para uma criança ou um adolescente, vítimas de grande sofrimento em um momento tão prematuro de suas vidas. "
-3.5962531328320892,18.703338902812593,18.856226548536583,23.195989974937348,13.874114452798665,14.367724867724867,57.196324143692564,7.421052631578948,0b0,111_2840.txt,"Curiosidades. Muitas pessoas dizem que o riso é contagiante, e realmente essa afirmativa é verdadeira. Ao observar uma pessoa sorrindo, frequentemente somos tomados também por essa ação. A explicação para isso está no nosso sistema nervoso, mais precisamente nos nossos neurônios. Os neurônios-espelhos foram descobertos na década de 90 por meio de estudos com macacos Rhesus realizados pela equipe liderada por Rizzolatti. Os pesquisadores observaram que, nesses animais, durante a realização de determinadas tarefas, alguns neurônios da área localizada no lobo frontal eram ativados, sendo essa ativação percebida também em indivíduos que apenas observavam o outro animal. Os pesquisadores concluíram então que os neurônios eram ativados em quem realizava a tarefa e em quem observava, como se os dois estivessem realizando a atividade. Após os estudos com os macacos, passaram a ser feitas pesquisas com humanos. Percebeu-se, então, que o mesmo fenômeno ocorria na nossa espécie de uma maneira ainda mais sofisticada. Além da imitação, observou-se que esses neurônios relacionavam-se com a percepção de sentimentos e empatia, possibilitando-nos entender o que o outro está sentindo. Como os neurônios-espelhos propiciam a imitação das ações e permitem a compreensão da experiência vivida pelo indivíduo observado, ao ver uma pessoa sorrindo, nosso cérebro reconhece a fisionomia e acaba gerando essa imitação de forma automática e inconsciente. Uma pessoa adquire, portanto, a expressão facial que observa, o que pode ajudar na interação com outros indivíduos, facilitando, assim, as relações sociais. Você já deve ter ouvido a expressão “rir é o melhor remédio”. Essa expressão, bastante popular, é verdadeira, sendo o sorriso, inclusive, recomendado pelos médicos. A ação de sorrir melhora nosso sistema respiratório e imunológico, aumenta a oxigenação sanguínea, além de provocar a liberação de substâncias em nosso corpo que diminuem o estresse e que ajudam a diminuir a dor. Não podemos nos esquecer também de que sorrir nos aproxima de outras pessoas, ajudando na nossa inserção social. O bem-estar causado pelo riso é notável e, por isso, a risoterapia já é usada em vários hospitais como forma de melhorar a qualidade de vida do paciente. Criar um ambiente agradável, deixando o paciente sempre alegre, faz com que o desconforto de uma internação seja diminuído e a disposição para vencer as doenças melhore. Assim sendo, vamos espalhar o sorriso por aí! 
"
18.650000000000034,14.384444444444444,16.084390811093357,19.714285714285715,9.395714285714288,11.346666666666668,49.92063492063492,5.238095238095238,0b0,306_5137.txt," O trabalho infantil, principalmente em carvoarias, é um problema crônico no estado do Pará. A DRT (Delegacia Regional do Trabalho) criou até um núcleo especializado para combater a exploração dessa mão de obra. Os fiscais da DRT visitaram no ano passado treze municípios paraenses e registraram 130 casos de crianças e adolescentes trabalhando em atividades penosas, inclusive nas carvoarias, onde ocorrem as mutilações. De janeiro até setembro deste ano, a DRT já flagrou 230 crianças e adolescentes trabalhando no Pará, 77% a mais do que foi verificado em toda a fiscalização pública no ano passado. Para o coordenador do Núcleo de Combate ao Trabalho Infantil da DRT do Pará, Demétrio Medrado, enquanto a pobreza não for reduzida, os flagrantes não irão impedir que a exploração dessa mão de obra continue ocorrendo no país. O abuso não tem idade. Com suas equipes, Medrado já flagrou crianças de até 3 anos enchendo fornos de carvão. Na rodovia Santarém-Cuiabá (BR 222), a DRT encontrou uma carvoaria que mantinha fornos menores do que os tradicionais, adaptados para o trabalho ilegal das crianças. ""Em Santarém, as mães levam todos os filhos para trabalhar nas carvoarias. É dessa atividade que toda a família se sustenta. Aí surgem os acidentes"", diz Medrado. Segundo ele, a DRT do Pará vai fazer uma visita ao município de Paragominas. A médica do trabalho Célia Koury disse que o problema que envolve crianças em carvoarias não é restrito ao Pará. Ela já visitou uma série de carvoarias na região Norte acompanhando fiscais do trabalho e diagnosticou que nos estados do Acre, Rondônia e até em Mato Grosso há registros de crianças trabalhando ou brincando próximo aos fornos de carvão. Célia ressalta que a criança que trabalha ou brinca próxima aos fornos fica exposta a uma série de doenças. ""A radiação infravermelha contida na chama do carvão provoca catarata em adultos e crianças"" explica a médica."
7.868582310622088,18.25560727888278,19.10797854049103,22.569558470870362,14.316936098180285,12.308681055155876,55.46466356326704,7.588235294117647,0b0,93_2816.txt,"Saúde e Bem-estar. Muito se fala a respeito da poluição do ar e seus riscos à saúde humana, entretanto, muitas pessoas não se dão conta do quanto o problema está se agravando. Muitas vezes, ficamos expostos a uma grande quantidade de fumaça e não percebemos que diversas doenças, tais como o câncer, estão relacionadas com essa exposição excessiva. Segundo um estudo divulgado pela Organização Mundial de Saúde, no dia 25 de março de 2014, a poluição atmosférica levou quase sete milhões de pessoas a óbito em 2012. Segundo a OMS, mais da metade de todas as mortes ocorreram em decorrência da chamada poluição interior ou doméstica, que se caracteriza pelo uso de materiais como madeira e carvão para cozinhar. Esse hábito, apesar de parecer longe da realidade de muitas pessoas, ainda é bastante comum em áreas pobres. Podemos perceber também que, em relação à poluição do ar interior, os grupos mais prejudicados são as mulheres e crianças, uma vez que elas ficam um período de tempo maior em casa e, consequentemente, apresentam um maior tempo de exposição. Sendo assim, é fundamental que todas as pessoas que fazem uso de madeira e carvão para cozinhar, por exemplo, sejam informadas a respeito dos riscos à saúde e de maneiras alternativas de se resolver o problema. Outra parte das mortes analisadas pela OMS foi causada pela poluição exterior, que é a que vemos nas grandes cidades. Nesse caso, os maiores responsáveis são os meios de transportes, como carros e ônibus, as fábricas e usinas. A ocorrência de problemas relacionadas com esse tipo de poluição é maior em países que se encontram em desenvolvimento. Dentre as principais causas das mortes em decorrência da poluição atmosférica, podemos destacar os acidentes vasculares cerebrais, doenças cardíacas e doenças respiratórias. Além disso, os dados publicados mostram uma íntima relação entre a poluição do ar e as mortes em consequência do câncer de pulmão. Outros problemas podem ser desencadeados a curto prazo pela poluição do ar, entre eles, a irritação das mucosas, da garganta e bronquite. Apesar de não serem alvo do estudo, merecem destaque por causarem desconforto em pessoas submetidas à alta concentração de poluentes. Sendo assim, é importante frisar a necessidade de programas urgentes para diminuir a poluição do ar, bem como medidas que informem a população dos perigos do uso de certos combustíveis em suas casas. A poluição do ar deve ser vista como um problema grave de saúde que necessita de ações urgentes para que os índices de poluentes sejam diminuídos. 
"
2.6597744360902595,17.608471177944867,17.122413403193683,20.231578947368423,12.493533834586465,13.132631578947368,51.83208020050125,6.238095238095238,0b0,206_5037.txt," Não devemos também apontar que uma religião está sempre fundamentada sobre um mito de criação do mundo. Embora várias preocuparam-se em construir essa justificativa, não são todas as que estão interessadas nesse aspecto. Por fim, não podemos definir uma religião apontando a busca pelo sobrenatural (deuses, espíritos, fantasmas, demônios etc.) como uma das características-chave. Existem religiões que se pautam na busca pela harmonia com o mundo e com a convivência imediata e que não estão interessadas em entender o que está além dos nossos sentidos. Todos esses pontos são levantados por Anthony Guiddens*, sociólogo britânico, em sua breve definição do que não deve ser entendido como característica-chave na definição do que é religião. Entretanto, sua explicação também se ocupa em reunir as formas de definição mais amplamente aceitas. As religiões carregam certos pontos em comum. A primeira delas é que, até onde se sabe, todas as religiões possuem um conjunto de símbolos que remetem ou são alvos de reverência e/ou respeito. Esses símbolos estão ligados a rituais ou cerimônias, dos quais a comunidade de fiéis participa ativamente. Isso quer dizer que, em toda religião, existem objetos ou ideias simbólicas que representam algo a ser reverenciado e admirado. No Budismo, por exemplo, a imagem de Buda, ainda que este não seja visto como uma divindade, é alvo de reverências e admiração. Quanto aos rituais, eles podem ser diversos e variados, cada um possuindo um significado específico. As rezas, as canções, a abstinência de algum tipo de comida ou o jejum, por exemplo, são rituais que carregam significado atrelado à crença religiosa do grupo. Esses rituais fazem parte da identidade religiosa e da construção da religiosidade dos fieis. Para a Sociologia, o caráter social desses rituais é um dos aspectos de maior interesse. As comunidades que se formam em volta das religiões variam em uma série de aspectos. Nas comunidades mais tradicionais, a religião torna-se base para um grande número de manifestações sociais. A arte, a música, a literatura, entre outros, são delimitadas pela tradição religiosa nas comunidades mais intimamente conectadas a ela. A partir disso, tiramos uma perspectiva do tamanho da influência que as religiões possuem na vida de seus fieis. Por isso, há um cuidado que devemos ter ao trabalharmos com definições de religião, haja vista que não podemos ser tendenciosos se o nosso objetivo é realmente entender esse ou qualquer outro aspecto de nossa sociedade tão diversa. "
11.38393129770995,16.160331666227957,16.755712590429624,19.8230060542248,11.145494209002372,11.950610687022902,48.030797578310086,5.413793103448276,0b0,81_2801.txt,"Curiosidades. Nos dias de hoje, o hábito de tomar banho se transformou em uma questão de higiene e até em momento de entretenimento. Cada dia mais, designers e decoradores investem na construção de espaços amplos onde a pessoa tem a oportunidade de relaxar e esquecer os problemas cotidianos. Em algumas residências, o espaço do banheiro chega a ser maior que o da própria cozinha. Além disso, buchas, cremes, xampus e sabonetes complementam esse momento onde buscamos conciliar higiene e prazer. Para muitos, isso parece ser coisa simples e trivial. No entanto, se dermos uma olhada nos períodos históricos, descobriremos que as coisas nem sempre foram assim. O hábito de tomar banho e as formas de se cuidar da higiene corporal variou muito de acordo com os conceitos de saúde e doença de certo período. Além disso, os produtos e instrumentos empregados nessa tarefa eram bastante diferentes daqueles que hoje imperam nos banheiros. No mundo greco-romano, o banho era uma ação realizada de forma coletiva. Várias termas eram construídas para que gregos e romanos pudessem cuidar de seu corpo. Para retirar a sujeira acumulada na pele, esses povos utilizavam uma ferramenta conhecida como strigil. O strigil consistia em uma espátula de ferro com trinta centímetros que era esfregada na pele depois que o corpo era todo besuntado com uma espécie de óleo. Em alguns casos, os escravos eram responsáveis pela limpeza de seus senhores. Quando realizamos uma viagem para algum lugar inóspito ou limitado em recursos, o famoso banho de caneca acaba sendo a única alternativa para manter o corpo limpo. Na verdade essa ideia é bem antiga. Na Antiguidade, a ausência de redes encanadas e esgotos era suprida com a utilização de copos e bacias que permitiam a realização do banho. Geralmente, as pessoas se sentavam em uma cadeira enquanto despejavam pequenas porções de água nos lugares a serem higienizados. Mediante tantas dificuldades e a limitação de recursos, você já deve estar aliviado por ter o inestimável privilégio de fazer uso de uma cheirosa e suave barra de sabão. Pois saiba que os antigos também pensaram nisso! Os babilônios realizavam uma mistura com gordura animal e cinzas vegetais para passar no corpo e no cabelo. Entre os egípcios a receita era um pouco mais elaborada, levando cinzas, bicarbonato de sódio e argila. Entre os orientais, a necessidade de se higienizar a pele era intercalada pelo uso de pedra ou cerâmica para se esfoliar a camada mais superficial da pele. Para aliviar a agressão do processo, terminavam seu banho com a aplicação de água de flor de laranjeira, pentes, pastas e perfumes. Em algumas culturas do mundo oriental, esse tipo de procedimento ainda pode ser visivelmente reconhecido. Os luxos e regalias que hoje temos na hora do banho apareceram há pouco tempo. Na Inglaterra do século XIX, as banheiras começaram a se popularizar entre as famílias mais abastadas. Em algumas residências, os empregados se apressavam para instalar a banheira no quarto com água quente antes que seus patrões chegassem em casa. Já o chuveiro elétrico, só ganhou mais espaço com o processo de urbanização das sociedades contemporâneas e a ampliação das redes de energia. 
"
-0.22498381877022666,21.820064724919096,21.294475397533994,25.51326860841424,19.69822006472492,13.251650485436894,64.10679611650485,10.222222222222221,0b0,168_4999.txt,"Sociologia. Ku Klux Klan é um grupo de pessoas que se reúne sob a bandeira da segregação racial e da crença na superioridade do “homem branco”. O Klan foi fundado como um clube social em Pulaski, no Tennessee, em 1866, por seis estudantes universitários, sendo inicialmente uma fraternidade em que seus fundadores se dedicavam a pregar peças com cavalgadas noturnas vestidos de branco e usando carapuças para que não fossem reconhecidos. A partir disso, o grupo ganhou reconhecimento pelo terror que causava à população negra da época, passando a atrair novos membros que chegavam em grandes números, o que culminou em uma grande expansão do grupo pelos territórios ao sul dos Estados Unidos. O primeiro líder eleito do grupo foi o general Nathan Bedford Forrest, que então encabeçava uma grande escala hierárquica carregando o título de “Grande Feiticeiro” (Grand Wizard), tendo domínio sobre os demais membros da organização, que era dividida em um grande número de “reinos”, “domínios” e “províncias”, que por sua vez eram comandadas por outros líderes que tinham títulos de “Grande Dragão”, “Titãs”, “Gigantes” e “Ciclopes”. O contexto histórico em que o Klan se formou e cresceu era o período da pós-guerra civil, a Guerra de Secessão, dos Estado Unidos, que terminou na vitória dos territórios dos estados do norte do país sobre os estados do sul. As políticas de reconstrução que traziam a implantação de leis abolicionistas, entregando a liberdade para os escravos, trazia também revolta aos confederados do sul que tinham no escravismo sua principal mão de obra na produção agrária. As leis abolicionistas trouxeram grande prejuízo econômico para os senhores escravistas, uma vez que escravos eram uma das mercadorias de maior valor na época. Ex-escravos eram os alvos principais dos ataques que a Ku Klux Klan realizava, mas também se estendiam às pessoas vindas dos estados do norte, como juízes, professores e políticos."
3.0000939672994207,17.414869385453866,17.394153596732366,20.911031760947193,12.003038902461945,12.837699680511182,51.95809058447661,6.176470588235294,0b0,311_5142.txt," A extinção de animais faz parte da evolução da vida na Terra, mas, desde que o bicho homem resolveu dar sua contribuição a esse processo, o desaparecimento de espécies tem se acelerado de forma preocupante. Na semana passada, foi divulgado o mais completo estudo sobre a situação dos mamíferos no planeta. O quadro que emerge da pesquisa é o mais sombrio desenhado sobre essa classe de animais. Um quarto das 487 espécies de mamífero classificadas pela ciência se encontra em risco de desaparecer. Isso significa 1 141 espécies, quinze vezes mais do que o número de mamíferos extintos nos últimos cinco séculos. O estudo foi realizado pela União Internacional para a Conservação da Natureza (IUCN), uma instituição composta de 11 000 cientistas de 160 países. Alguns dos animais relacionados estão ameaçados de desaparecer por causas naturais. É o caso do diabo-da- tasmânia, um marsupial carnívoro que lembra um urso pequeno, que desenvolveu um tipo de câncer fatal que contagia os exemplares da espécie através do contato físico. Segundo os cientistas, porém, a grande maioria dos animais ameaçados é vítima da ação humana. “O perigo de extinção das espécies, hoje, decorre quase exclusivamente do desmatamento, que destrói os habitats, e da caça”, disse a VEJA o biólogo sul-africano Mike Hoffmann, do departamento de biodiversidade da IUCN. Calcula-se que o desmatamento atinja 40% dos mamíferos do mundo. As florestas são destruídas para dar lugar à expansão urbana e à agricultura, o que explica os altos índices de animais sob risco no sul e no sudeste da Ásia, onde as populações crescem em ritmo acelerado. Nessas regiões, 80% dos primatas podem desaparecer. A população de orangotangos-de-bornéu que habitam florestas da Malásia e da Indonésia resume-se a 14% da existente em meados do século XX. A outra grande ameaça às espécies, a caça indiscriminada, frequentemente é praticada por total desconhecimento da importância da preservação desses animais."
22.052246963562766,14.262928475033739,14.997032334435382,17.081241565452093,9.741776315789473,11.062435897435897,43.985155195681514,4.526315789473684,0b0,213_5044.txt," Chegou a circular um boato de que Julia havia cometidosuicídio.“Vocês zombam de mim e depois inventam que morri. É isso que querem agora?”, disse Julia no Twitter. Para lidar com uma enorme quantidade de casos desse tipo, o Facebook investe em soluções de moderação que vão desde tecnologia avançada para o reconhecimento automático de conteúdo até análise feita por equipes de profissionais especializados. A necessidade de comentar e de ter opiniões fortes sobre todos os assuntos pode ser resultado, de acordo com os psicólogos especializados em cyberbullying, de um desequilíbrio em sua vida social. Como é difícil falar diretamente com um político ou com uma celebridade, a web faz o papel de ponte. “Na internet, a pessoa tem a ilusão de resolver problemas com os quais não consegue lidar na vida real, por falta de coragem ou de autoridade”, afirma a psicóloga Luciene Tognetta. Reagir ao cyberbullying com respostas no mesmo tom da ofensa ou com pedidos de compreensão é uma péssima ideia. Foi o que aprendeu na prática o músico Lucas Silveira, de 29 anos, vocalista da banda Fresno. Silveira cuida da divulgação online do Fresno. Seguido por quase 750 mil usuários na sua conta pessoal no Twitter, ele diz que precisa se submeter diariamente a um exercício de paciência para não responder às várias ofensas a seu corte de cabelo ou ao conteúdo romântico de suas letras. “O agressor usa a internet para dar vazão a um lado da personalidade que não é mostrado na vida real. Isso se agrava quando ele encontra pares que pensam da mesma forma”, afirma Luciana Ruffo, psicóloga do Núcleo de Pesquisas da Psicologia em Informática da PUC-SP. Com amigos incentivando o bullying e achando graça dos insultos, o comportamento agressivo ganha força. Se na sala de aula eram alguns colegas rindo dos mais fracos, na internet são milhões de pessoas causando mal-estar."
-0.7258893280632321,18.944800269111102,19.287186520377343,23.227281136994367,14.497911866117228,13.704835589941972,57.29450845177025,7.826086956521739,0b0,15_2667.txt,"Sociologia. O debate sobre a reforma política ainda se desenrola em nosso sistema legislativo. O interesse pelo assunto parece ter ganhado força com os recentes acontecimentos políticos e com as redes sociais. As discussões sobre uma reorganização de nosso sistema político aprofundam-se na mesma medida em que a aparente crise de representação política torna-se cada vez mais evidente. Entre as medidas propostas relacionadas com as mudanças no meio político, as reformas do sistema eleitoral parecem ser vistas como essenciais para que o projeto de um novo cenário político seja construído. Entre as propostas mais populares, a sugestão da implementação de um sistema eleitoral com indicações em regime de lista fechada destaca-se. Mas, afinal de contas, o que é o sistema de lista fechada? O sistema de listas é um dos possíveis mecanismos de distribuição de cadeiras dos órgãos legislativos em um governo representativo. Trata-se de um sistema bastante simples: cada partido apresenta uma lista de candidatos que disputarão os cargos em questão; após a votação, os votos depositados em cada uma das listas partidárias são contados, e as cadeiras em disputa são distribuídas entre os partidos de maneira proporcional à quantidade de votos obtidos pelas suas respectivas listas. Por fim, as cadeiras são ocupadas por alguns candidatos que compõem as listas. O regime de lista fechada diferencia-se em suas regras de construção das listas dos candidatos dos partidos e na distribuição das cadeiras para os candidatos. A principal diferença é que, enquanto no sistema de lista aberta, os candidatos podem manter campanha e candidatura independentes do partido, uma vez que recebem votos diretamente do eleitorado; no sistema de lista fechada, os candidatos são elencados pelos partidos nas listas de forma fixa. Isso quer dizer que o candidato não mais se desvincula do partido, uma vez que o voto não é mais depositado em sua pessoa, mas, sim, no conjunto de candidatos da lista de cada partido. Outra diferença está na forma como são distribuídas as cadeiras entre os candidatos das listas. No regime de lista aberta, após contabilizados todos os votos depositados em cada partido, este recebe uma quantidade de cadeiras proporcional à quantidade de votos recebidos. A partir daí, os candidatos que receberam a maior quantidade de votos dentro daquela legenda serão os que ocuparão a cadeira. Já no sistema de lista fechada, as cadeiras que cada partido recebe são ocupadas pelos primeiros nomes da lista na ordem anteriormente estabelecida. Em tese, a adoção do regime de lista fechada significaria que, ao votar diretamente no partido, em vez do candidato, como no regime atual de lista aberta, a necessidade de se construir e consolidar a imagem partidária aos olhos da população aumentaria exponencialmente. Isso faria com que o cidadão tivesse um maior contato com uma apresentação mais complexa da realidade política, algo que não acontece na prática personalista e relativamente simplória que é favorecida pela lista aberta. Além disso, os próprios partidos passariam a policiar mais seus membros. A dependência que o partido sofre em relação aos seus candidatos mais populares, teoricamente, seria gradualmente reduzida em comparação com o que se vê na lista aberta. 
"
6.26101979537367,16.749054715302496,16.790508934019215,20.049911032028472,11.764470640569392,12.992241992882558,48.70129003558719,5.46875,0b0,105_2831.txt,"Curiosidades. O afogamento é uma fatalidade muito comum e geralmente ocorre em momentos de lazer da vítima. Essa fatalidade é responsável por uma grande quantidade de mortes, principalmente entre jovens e adolescentes. Todos os anos são registradas mais de 7.000 mortes em decorrência desse tipo de acidente, sem contar as vezes que o corpo não é encontrado e a morte não é registrada. Podemos dizer que houve afogamento quando um líquido de qualquer natureza foi aspirado em virtude de submersão. O afogamento provoca a entrada de água nas vias respiratórias, impedindo a obtenção de oxigênio atmosférico, o que pode causar a morte caso a vítima não seja socorrida a tempo. Os afogamentos são comuns durante o verão, época em que as pessoas mais frequentam áreas de rios e mares. Desconhecimento das condições do local e falta de habilidade do nadador estão entre as principais causas de afogamento. Além disso, podemos citar como causas de afogamento o mergulho em áreas rasas, que pode levar a traumatismo seguido da aspiração de água, ingestão de bebidas alcoólicas, crises convulsivas, doenças cardiorrespiratórias e câimbras. Em afogamentos em residências, destacam-se os de crianças que se afogam em banheiras e outros recipientes com água por ficarem sem a supervisão de um adulto. Denominamos de afogamento primário aquele em que não se observa nenhum fator que levou ao afogamento. Este ocorre naturalmente em virtude da falta de habilidade da vítima, por exemplo. Já o secundário está relacionado com alguma patologia que dificulte que a vítima mantenha-se na superfície. Quando uma pessoa entra em contato com a água e percebe que sofrerá o afogamento, ela geralmente se desespera e inicia uma luta para manter-se na superfície. Quando ocorre a submersão, instantaneamente a pessoa prende a respiração. Essa parada da respiração depende da capacidade física de cada indivíduo. Quando a pessoa não consegue mais segurar a respiração, uma aspiração de líquido pode ocorrer. Em algumas pessoas, isso é um estímulo para que haja um reflexo natural que contrai as vias respiratórias e impede que mais água entre no organismo. Essa contração pode levar à morte por asfixia, um caso que chamamos de afogamento do tipo seco. Na maioria das pessoas, no entanto, não ocorre esse reflexo e o que acontece é uma grande aspiração de água por causa de movimentos respiratórios involuntários. Isso faz com que a água chegue aos pulmões, levando à perda da substância que promove a abertura dos alvéolos (surfactante), mudanças na permeabilidade dos capilares e surgimento de edema pulmonar. Com o tempo, o pulmão enche-se completamente de água, o indivíduo perde a consciência, sofre parada respiratória e morre. Em casos de afogamento, é importante ser muito cauteloso ao tentar salvar a vítima. Quando uma pessoa está se afogando, sua tendência é desesperar-se e segurar na pessoa que está tentando salvá-la, podendo ocasionar outro afogamento. Nesses casos, portanto, é fundamental jogar algo para que ela se segure, como boias e pneus. Nesses casos, é fundamental também chamar bombeiros ou uma ambulância, pois a vítima terá atendimento especializado. Em pessoas desacordadas e sem sinais de respiração, recomenda-se a respiração boca a boca e, quando estiver sem pulso, a massagem cardíaca. Quando acordada, é importante manter a vítima deitada de lado e aquecida. Evite nadar em locais desconhecidos; Não desafie a força das correntezas; Não faça uso de medicamentos ou bebida alcoólica antes de nadar; Não deixe crianças desacompanhadas. 
"
29.20134408602155,12.853594470046087,14.486380044095064,16.614439324116745,8.452597542242707,10.28606451612903,42.503840245775734,4.095238095238095,0b0,288_5119.txt," De sua parte, ele esforçava-se na amizade com o conde alemão Wolff-Metternich para tentar garantir que os objetos pilhados pudessem ficar em solo francês. Mas três salas do Louvre já estavam cheias deles, e as obras de arte confiscadas dos judeus foram encaminhadas para o museu onde Rose trabalhava. Em 1º de novembro, os nazistas se apossaram do Jeu de Paume. “Caminhões e mais caminhões carregados de objetos de arte chegavam, descarregavam, e tudo era levado por soldados”, descreveu Rose em Le Front del Art (O Front da Arte, inédito no Brasil). Por quase quatro anos, os militares aceitaram a presença dela no museu apenas porque a funcionária era uma grande conhecedora de arte. Todas as noites ela anotava as peças que os nazistas estavam retirando da França com destino à Alemanha e à Áustria. Roubava documentos, fotografava em casa e devolvia no dia seguinte. As informações eram repassadas a Jaujard, que mantinha contato com os membros da Resistência Francesa. Com o tempo, passou a despertar suspeitas. Já havia flagrado oficiais roubando obras para si mesmos. O risco era cada vez maior. Em fevereiro de 1944, o oficial alemão Bruno Lohse a surpreendeu tentando decifrar o endereço do documento de desembarque de um lote de peças. “Você poderia ser executada por indiscrição”, disse ele. “Ninguém aqui é idiota o bastante para ignorar o risco”, ela respondeu. Sabia que Lohse escondera quatro quadros no porta-malas de seu carro dois anos antes. Em 1º de agosto de 1944, com a guerra já virando a favor dos Aliados, o coronel alemão Kurt von Behr ordenou a evacuação dos soldados do museu, assim como de todas as peças de arte que ainda estivessem em Paris. O plano era levá-las de trem. Os soldados jogavam os quadros dentro de caixotes sem embalagem. “Havia pânico em seus olhos, o desejo deles de fugir”, relatou Rose."
24.419868852459047,12.884065573770492,14.028325238520395,16.814426229508197,8.127344262295082,11.058098360655737,42.691803278688525,3.72,0b0,211_5042.txt," “OFENSAS, PRECONCEITO E CYBERBULLYING INUNDAM AS REDES SOCIAIS E AS ÁREAS DE COMENTÁRIOS DOS GRANDES PORTAIS. POR QUE AS PESSOAS AGEM DE FORMA TÃO AGRESSIVA NA INTERNET? SAIBA COMO REAGIR A ESSE COMPORTAMENTO.”. “Nunca existiu tanto bullying como hoje”, afirma Maria Tereza Maldonado, psicoterapeuta e autora do livro Bullying e Cyberbullying – O Que Fazemos com o Que Fazem Conosco? “Nas últimas décadas, saímos de um modelo de educação autoritário para outro permissivo demais, com um forte clima de impunidade”, diz Maria Tereza. Segundo ela, o acesso rápido e onipresente à web favorece a publicação de opiniões sem reflexão, que não levam em conta os riscos de ofender. Nos grandes portais, boa parte das notícias publicadas é imediatamente respondida com opiniões preconceituosas que muitas vezes não têm nenhuma relação com o tema da reportagem. O cenário é ainda pior nas redes sociais, com seu constante estímulo a opinar sobre tudo, a qualquer momento, sem uma análise racional sobre os assuntos comentados. “Nos últimos anos, com o aumento da audiência e do número de comentários, há certa exaltação. O nível das discussões tem piorado. As pessoas usam um tom acima do necessário para chamar a atenção”, afirma Rodrigo Flores, diretor de conteúdo do portal UOL, o maior em audiência da internet brasileira. Vivemos um momento de plena agressividade? Por que, afinal, há tanto ódio gratuito na internet? O comportamento que leva uma pessoa a humilhar em troca de destaque social já foi estudado muito tempo antes da invasão dos haters, como são chamados os usuários de fóruns e redes sociais que começam discussões inflamadas e ofensivas. A diferença do comportamento online para o modo de agir na vida real fica mais clara nos casos em que os comentários ácidos viram ameaça. Veja o caso do jornalista esportivo Juca Kfouri, 63 anos, colunista da Folha de S."
28.853366336633684,12.819321074964641,14.348710955821954,16.464497878359264,8.41715700141443,10.403564356435648,41.49127769919849,3.9047619047619047,0b0,304_5135.txt," Há quem não ligue para roupa. Mas também tem gente que adora! Gostando ou não, quem é que vive sem ela? Alguém disse os índios? Pois em muitas aldeias até eles já andam vestidos... O que queremos dizer é que no nosso dia a dia mudamos de roupa para as mais diferentes ocasiões. Temos uniforme para ir à escola roupa para passear, para ir à praia e de ficar em casa, por exemplo. A produção de roupas é imensa para o mundo afora. Saias, vestidos, calças, camisas, casacos são produzidos em grande quantidade e com grande velocidade pelas máquinas industriais. Mas como foi que as roupas deixaram de ser feitas com linha e agulha pelas mãos das costureiras e aifaiates e passaram a ser produzidas em máquinas por esses profissionais da vestimenta? Em Kufstein, pequena iocalidade nas montanhas do Tirol, na Áustria, morava um alfaiate chamado Madersperger. Vivia ele em condições muito modestas com sua família. Seu ofício não os deixava morrer de fome, mas também não lhe rendia o suficiente para lhes proporcionar uma vida confortável. No dia 6 de outubro de 1768, a família aumentou mais um pouquinho com o nascimento de Joseph Madersperger, que, seguindo a tradição familiar, mais tarde também se tornou alfaiate. A família vivia tranquila em Kufstein quando, em 1790,um ferro de passar - que na época era aquecido a carvão - provocou um incêndio na casa dos Madersperger. Tudo foi destruído, desde a casa até o ateliê de costura. Desesperado por esta obra do destino, o Sr. Madersperger tomou a decisão de mudar-se com sua família para Viena. Ele esperava conseguir melhores condições de vida, afinal de contas, na capital, havia funcionários públicos, príncipes, comerciantes bem situados, atores famosos, e estas pessoas da cidade tinham mais dinheiro para gastar em roupas. O resultado foi que o Sr."
20.464125668449213,15.0505935828877,16.342720416070684,18.923850267379677,10.651417112299463,10.995187165775402,45.705347593582886,5.05,0b0,99_2824.txt,"Curiosidades. Sabemos que cerca de 97,5% da água existente no planeta é salgada. No entanto, essa grande quantidade de água não é usada para consumo humano, uma vez que sua ingestão pode desencadear sérios riscos à saúde humana. Mas, afinal, qual é o problema de ingerir água do mar? Primeiramente devemos lembrar que a água do mar é um tipo rico em cloreto de sódio — o sal de cozinha. Essa alta concentração de sal é muito maior do que a concentração de sais do nosso sangue. Por essa razão, ao ingerirmos a água do mar, nosso corpo começa a perder água por osmose para que ocorra a excreção do sal consumido em excesso. A perda exagerada de água faz com que entremos em um quadro conhecido como desidratação. Esse grave problema pode desencadear dores de cabeça, tonturas, fraqueza, aumento dos batimentos cardíacos, perda de consciência, convulsões e até a morte. Além do problema da desidratação, a alta concentração de magnésio presente na água do mar pode provocar irritação nas paredes do intestino, desencadeando casos de diarreia. Vale destacar que, se esse problema for bastante intenso, pode provocar também a desidratação. Não podemos nos esquecer também de que a ingestão de água salgada provoca ainda mais sede, pois uma pessoa necessitará ainda mais de água. Dessa forma, caso a pessoa tente matar sua sede com água salgada, o problema poderá ser ainda maior. Sendo assim, a água do mar não deve ser ingerida sem tratamento, pois pode provocar até mesmo a morte de quem a ingeriu. É por isso que pessoas que ficam à deriva no mar devem procurar outras alternativas para conseguir água. Normalmente, recomenda-se a ingestão de água da chuva ou retirá-la dos alimentos, como peixes e pássaros. É importante frisarmos que atualmente existem técnicas que permitem a dessalinização da água do mar, o que já é uma realidade em vários locais do mundo. Em momentos de escassez de água doce, retirar água potável da imensidão do oceano pode ser uma alternativa. O principal problema, no entanto, está no fato de que essa tecnologia é cara, principalmente em relação ao gasto de energia. Sendo assim, apesar da quantidade de água disponível, a dessalinização só será viável quando todas as outras alternativas fracassarem. 
"
8.7113235294118,18.37918300653595,18.7741,21.964705882352945,13.746372549019604,11.036470588235293,52.624183006535944,6.916666666666667,0b0,189_5020.txt,"Sociologia. Para entendermos do que se trata o conceito de poder político, é necessário entender o que cada uma das partes que formam o termo significa. O motivo para esse tipo de abordagem deve-se ao fato de que tanto a noção de poder quanto a de política estão intimamente ligadas, assim, ao falarmos de “poder político”, pode parecer redundante. Logo, as distinções conceituais são extremamente necessárias. Em seu significado mais geral, a palavra Poder indica a capacidade de ação ou de produzir efeito. Nessa perspectiva, o Poder pode ser entendido tanto no sentido social, isto é, nas relações dos seres humanos em sociedade, em que passa a ter um sentido muito mais específico, quanto sob uma perspectiva instrumental, que diz respeito à capacidade do ser humano de controlar a natureza e seus recursos. Em seu sentido social, a ideia de Poder está conectada à possibilidade ou à capacidade geral de agir, à habilidade de um indivíduo de determinar o comportamento de outro indivíduo. Nesse sentido, o ser humano não é apenas o sujeito capaz de exercer poder, mas é também objeto sobre o qual o poder é exercido. Esse seria, portanto, o Poder Social que vemos manifestado na capacidade que um professor tem de determinar o que é e o que não é aceitável durante sua aula, por exemplo, ou, ainda, na capacidade de uma mãe de estabelecer uma ordem sobre seus filhos. Assim sendo, por meio de uma perspectiva de fenômeno social, o poder é uma relação entre seres humanos em que o aspecto determinante é a capacidade de agir ou influenciar a ação do outro. É nessa perspectiva que a ideia de política aproxima-se e, às vezes, confunde-se com a de poder. As distinções são bastante sutis, mas as formas possíveis de manifestação de poder, em algumas instâncias, afastam-se bastante da ideia de política."
29.904445906432755,12.444793859649128,14.167174469761473,16.457076023391817,7.3494535818713445,9.504013157894736,39.6624269005848,3.533333333333333,0b0,271_5102.txt,"Donos de um exército formidável, que conquistou a Terra Santa e esmagou os judeus entre os séculos 1 a.C. e 1 d.C. Bíblia, Literatura, Origem das coisas, Romanos. Fundada em 753 a.C., Roma primeiro foi um reino. Virou república quase 250 anos depois, em 509 a.C. E passou os 500 anos seguintes se expandindo. Quando finalmente se tornou um império, em 27 a.C., controlava a maior parte da Europa, o norte da África e o Oriente Médio. As batalhas entre judeus e romanos registradas no Velho Testamento aconteceram justamente nesse momento de transição do regime republicano para o imperial. Roma era uma potência vários sentidos – político, econômico, cultural e militar. Suas fronteiras chegaram a abranger 6,5 milhões de quilômetros quadrados (algo entre 70 milhões e 100 milhões de habitantes). Como cada província conquistada e anexada passava a pagar tributos, os cofres do imperador viviam abarrotados. “Se Roma controlou um território tão vasto, e por tanto tempo, foi graças a sua tremenda força militar”, afirma o historiador britânico Adrian Goldsworthy, autor do livro The Complete Roman Army (“O Exército Romano Completo”, sem tradução para o português). “As legiões romanas, surgidas no século 4 a.C., foram capazes de incorporar as técnicas dos exércitos que elas enfrentaram. No fim do século 1 d.C., estavam na plenitude, no auge de seu poderio.” Legião era o nome que se dava à unidade básica do exército romano, formada por até 6 mil soldados. Mas a força do império não se resumia a ela. Havia também a cavalaria e a infantaria; a guarda pretoriana, responsável pela segurança do imperador e dos territórios da península italiana; os auxilia, tão numerosos quanto os legionários, mas que funcionavam como apoio à tropas; e a Marinha, que mantinha a ordem no Mediterrâneo, no mar Negro, no Atlântico Norte e nos grandes rios europeus, como o Reno e o Danúbio. Em outras palavras: as Forças Armadas de Roma eram, naquele tempo, mais ou menos que o exército dos EUA é hoje. ATOS 28:17 Três dias depois, Paulo convocou os judeus mais notáveis. Estando reunidos, disse-lhes: irmãos, sem cometer nada contra o povo nem contra os costumes de nossos pais, fui preso em Jerusalém e entregue nas mãos dos romanos. ARMADURA. Era uma malha de ferro trançado, que protegia o corpo do legionário – em especial o tórax – de golpes cortantes. A infantaria rápida, que fazia o trabalho de apoio, usava uma versão mais leve. CAPACETE. O formato do cassis, como era chamado, variou bastante ao longo dos séculos. Este, de 32-31 a.C., era de bronze, protegia também o pescoço e tinha abas móveis para proteção das orelhas e da face. LANÇA. O pilum era enorme, com 2 metros de comprimento. Tinha duas partes: uma de ferro, mais fina e pontiaguda, e outra de madeira, na qual a primeira era encaixada. O conjunto podia pesar até 5 quilos (as lanças do império eram mais pesadas que as do período republicano). ESPADA. A spatha tinha lâmina de aço com até 1 metro de comprimento. Como os inimigos frequentemente estavam protegidos por armaduras, ela era usada mais para dar estocadas do que para cortar. PUNHAL. Chamado pugium, era uma faca – com lâmina de aço cortante dos dois lados. Usada principalmente no combate corpo a corpo, servia tanto para cortar a garganta de um inimigo quanto para limpar o peixe do almoço ou do jantar. ESCUDO. O scutum era oval, com pelo menos 2 metros de diâmetro. Era composto de 3 lâminas de madeira sobrepostas, com reforços de ferro no centro e de bronze nas bordas, além do acabamento com feltro (lã) e couro na parte interna. "
10.985909090909132,14.79848484848485,14.683698258229963,18.180748663101607,9.687112299465241,12.935294117647054,46.92245989304813,4.2727272727272725,0b0,4_2649.txt,"Biologia. Ao observar um vegetal, logo imaginamos inúmeras folhas verdes. Essa cor ocorre graças à presença de um pigmento chamado clorofila, que está presente em organelas denominadas plastos. Cada plasto é classificado de acordo com o pigmento que ele contém. No caso da clorofila, temos os cloroplastos. A fotossíntese acontece nos cloroplastos e é graças à clorofila que esse processo se torna possível. A clorofila atua absorvendo a luz, principalmente nos comprimentos de onda azul, violeta e vermelho. Ela reflete a cor verde, por isso a coloração das folhas de alguns vegetais é verde. Existem alguns tipos de clorofilas: a clorofila A, clorofila B e clorofila C. A clorofila A ocorre em todos os vegetais e algas, sendo essencial no processo de fotossíntese. A clorofila B é um pigmento acessório, ou seja, atua capturando a luz e transferindo a energia para a molécula de clorofila A. Já a clorofila C atua substituindo a clorofila B em alguns grupos. Ela está presente em algas e diatomáceas, não ocorrendo assim nas plantas superiores. Você já deve ter observado que nem todas as folhas são verdes, existem folhas vermelhas, amarelas, enfim. Essa variação na coloração das folhas deve-se ao fato de que não existem apenas pigmentos verdes nesse órgão. Além da clorofila, encontramos nos cloroplastos o pigmento chamado de carotenoide. Esse pigmento é responsável pela coloração amarela, laranja e vermelho. Existem dois tipos principais de carotenoides: os carotenos e as xantofilas. Esses pigmentos são geralmente mascarados pela grande quantidade de clorofila, mas quando a clorofila é destruída, é possível observar a cor dos carotenoides. Esse fenômeno ocorre principalmente no outono nas regiões temperadas. Como dito anteriormente, cada plasto recebe um nome de acordo com o pigmento que apresenta. Sendo assim, temos ainda os cromoplastos e leucoplastos. Os cromoplastos são organelas que não apresentam clorofila. Nesses plastos, encontramos apenas carotenoides. Além de dar cor a algumas folhas velhas, esses pigmentos são encontrados também em frutos, flores e raízes. Os leucoplastos, por sua vez, não apresentam cor e são encontrados principalmente em partes da planta não expostas à luz. Vale destacar ainda que alguns pigmentos não são armazenados nos plastos e estão dissolvidos no suco vacuolar. É o caso dos pigmentos antocianina e flavona. As flavonas dão coloração amarela, já as antocianinas são responsáveis pela cor vermelha, azul e roxa. Uma folha que apresenta antocianina é a folha jovem de mangueira, que detém cor avermelhada. As antocianinas podem frequentemente mascarar a clorofila. 
"
